S2A_MSIL2A_20170613T101031_71_90,S1A_IW_GRDH_1SDV_20170613T165043_33UUP_71_90
S2A_MSIL2A_20170613T101031_73_64,S1A_IW_GRDH_1SDV_20170613T165043_33UUP_73_64
S2A_MSIL2A_20170613T101031_74_63,S1A_IW_GRDH_1SDV_20170613T165043_33UUP_74_63
S2A_MSIL2A_20170613T101031_74_64,S1A_IW_GRDH_1SDV_20170613T165043_33UUP_74_64
S2A_MSIL2A_20170613T101031_75_63,S1A_IW_GRDH_1SDV_20170613T165043_33UUP_75_63
S2A_MSIL2A_20170613T101031_75_64,S1A_IW_GRDH_1SDV_20170613T165043_33UUP_75_64
S2A_MSIL2A_20170613T101031_84_70,S1A_IW_GRDH_1SDV_20170613T165043_33UUP_84_70
S2A_MSIL2A_20170613T101031_84_71,S1A_IW_GRDH_1SDV_20170613T165043_33UUP_84_71
S2A_MSIL2A_20170613T101031_85_71,S1A_IW_GRDH_1SDV_20170613T165043_33UUP_85_71
S2A_MSIL2A_20170613T101031_88_75,S1A_IW_GRDH_1SDV_20170613T165043_33UUP_88_75
S2A_MSIL2A_20170617T113321_0_87,S1A_IW_GRDH_1SDV_20170617T064724_29UPU_0_87
S2A_MSIL2A_20170701T093031_23_80,S1B_IW_GRDH_1SDV_20170629T153137_35VPK_23_80
S2A_MSIL2A_20170701T093031_24_83,S1B_IW_GRDH_1SDV_20170629T153137_35VPK_24_83
S2A_MSIL2A_20170701T093031_26_82,S1B_IW_GRDH_1SDV_20170629T153137_35VPK_26_82
S2A_MSIL2A_20170701T093031_26_83,S1B_IW_GRDH_1SDV_20170629T153137_35VPK_26_83
S2A_MSIL2A_20170701T093031_43_90,S1B_IW_GRDH_1SDV_20170629T153137_35VPK_43_90
S2A_MSIL2A_20170701T093031_44_82,S1B_IW_GRDH_1SDV_20170629T153137_35VPK_44_82
S2A_MSIL2A_20170701T093031_45_79,S1B_IW_GRDH_1SDV_20170629T153137_35VPK_45_79
S2A_MSIL2A_20170701T093031_45_86,S1B_IW_GRDH_1SDV_20170629T153137_35VPK_45_86
S2A_MSIL2A_20170701T093031_45_87,S1B_IW_GRDH_1SDV_20170629T153137_35VPK_45_87
S2A_MSIL2A_20170701T093031_49_78,S1B_IW_GRDH_1SDV_20170629T153137_35VPK_49_78
S2A_MSIL2A_20170701T093031_62_65,S1B_IW_GRDH_1SDV_20170629T153137_35VPK_62_65
S2A_MSIL2A_20170701T093031_62_82,S1B_IW_GRDH_1SDV_20170629T153137_35VPK_62_82
S2A_MSIL2A_20170701T093031_66_83,S1B_IW_GRDH_1SDV_20170629T153137_35VPK_66_83
S2A_MSIL2A_20170720T100031_85_3,S1B_IW_GRDH_1SDV_20170719T045029_34UDG_85_3
S2A_MSIL2A_20170818T103021_4_38,S1B_IW_GRDH_1SDV_20170818T054218_32TMT_4_38
S2A_MSIL2A_20170905T095031_65_83,S1A_IW_GRDH_1SDV_20170903T153258_35VNL_65_83
S2A_MSIL2A_20170905T095031_77_90,S1A_IW_GRDH_1SDV_20170903T153258_35VNL_77_90
S2A_MSIL2A_20170905T095031_80_60,S1A_IW_GRDH_1SDV_20170903T153258_35VNL_80_60
S2A_MSIL2A_20170905T095031_81_57,S1A_IW_GRDH_1SDV_20170903T153258_35VNL_81_57
S2A_MSIL2A_20170905T095031_81_58,S1A_IW_GRDH_1SDV_20170903T153258_35VNL_81_58
S2A_MSIL2A_20170905T095031_81_60,S1A_IW_GRDH_1SDV_20170903T153258_35VNL_81_60
S2A_MSIL2A_20170905T095031_81_62,S1A_IW_GRDH_1SDV_20170903T153258_35VNL_81_62
S2A_MSIL2A_20170905T095031_81_69,S1A_IW_GRDH_1SDV_20170903T153258_35VNL_81_69
S2A_MSIL2A_20170905T095031_83_57,S1A_IW_GRDH_1SDV_20170903T153258_35VNL_83_57
S2A_MSIL2A_20170905T095031_83_60,S1A_IW_GRDH_1SDV_20170903T153258_35VNL_83_60
S2A_MSIL2A_20170905T095031_83_61,S1A_IW_GRDH_1SDV_20170903T153258_35VNL_83_61
S2A_MSIL2A_20170905T095031_83_62,S1A_IW_GRDH_1SDV_20170903T153258_35VNL_83_62
S2A_MSIL2A_20170905T095031_83_64,S1A_IW_GRDH_1SDV_20170903T153258_35VNL_83_64
S2A_MSIL2A_20170905T095031_83_74,S1A_IW_GRDH_1SDV_20170903T153258_35VNL_83_74
S2A_MSIL2A_20170905T095031_83_77,S1A_IW_GRDH_1SDV_20170903T153258_35VNL_83_77
S2A_MSIL2A_20170905T095031_83_79,S1A_IW_GRDH_1SDV_20170903T153258_35VNL_83_79
S2A_MSIL2A_20170905T095031_83_80,S1A_IW_GRDH_1SDV_20170903T153258_35VNL_83_80
S2A_MSIL2A_20170905T095031_83_83,S1A_IW_GRDH_1SDV_20170903T153258_35VNL_83_83
S2A_MSIL2A_20170905T095031_83_84,S1A_IW_GRDH_1SDV_20170903T153258_35VNL_83_84
S2A_MSIL2A_20170905T095031_83_88,S1A_IW_GRDH_1SDV_20170903T153258_35VNL_83_88
S2A_MSIL2A_20170905T095031_83_90,S1A_IW_GRDH_1SDV_20170903T153258_35VNL_83_90
S2A_MSIL2A_20170905T095031_84_68,S1A_IW_GRDH_1SDV_20170903T153258_35VNL_84_68
S2A_MSIL2A_20170905T095031_85_65,S1A_IW_GRDH_1SDV_20170903T153258_35VNL_85_65
S2A_MSIL2A_20170905T095031_85_68,S1A_IW_GRDH_1SDV_20170903T153258_35VNL_85_68
S2A_MSIL2A_20170905T095031_86_61,S1A_IW_GRDH_1SDV_20170903T153258_35VNL_86_61
S2A_MSIL2A_20170905T095031_86_68,S1A_IW_GRDH_1SDV_20170903T153258_35VNL_86_68
S2A_MSIL2A_20170905T095031_86_79,S1A_IW_GRDH_1SDV_20170903T153258_35VNL_86_79
S2A_MSIL2A_20170905T095031_86_86,S1A_IW_GRDH_1SDV_20170903T153258_35VNL_86_86
S2A_MSIL2A_20170905T095031_86_90,S1B_IW_GRDH_1SDV_20170907T043202_35VNL_86_90
S2A_MSIL2A_20170905T095031_87_68,S1A_IW_GRDH_1SDV_20170903T153258_35VNL_87_68
S2A_MSIL2A_20170905T095031_87_82,S1A_IW_GRDH_1SDV_20170903T153258_35VNL_87_82
S2A_MSIL2A_20170905T095031_87_85,S1A_IW_GRDH_1SDV_20170903T153258_35VNL_87_85
S2A_MSIL2A_20170905T095031_87_88,S1A_IW_GRDH_1SDV_20170903T153258_35VNL_87_88
S2A_MSIL2A_20170905T095031_88_67,S1A_IW_GRDH_1SDV_20170903T153258_35VNL_88_67
S2A_MSIL2A_20170905T095031_88_68,S1A_IW_GRDH_1SDV_20170903T153258_35VNL_88_68
S2A_MSIL2A_20170905T095031_88_76,S1A_IW_GRDH_1SDV_20170903T153258_35VNL_88_76
S2A_MSIL2A_20170905T095031_88_78,S1A_IW_GRDH_1SDV_20170903T153258_35VNL_88_78
S2A_MSIL2A_20170905T095031_88_80,S1A_IW_GRDH_1SDV_20170903T153258_35VNL_88_80
S2A_MSIL2A_20170905T095031_88_81,S1A_IW_GRDH_1SDV_20170903T153258_35VNL_88_81
S2A_MSIL2A_20170905T095031_88_82,S1A_IW_GRDH_1SDV_20170903T153258_35VNL_88_82
S2A_MSIL2A_20170905T095031_88_88,S1A_IW_GRDH_1SDV_20170903T153258_35VNL_88_88
S2A_MSIL2A_20170905T095031_88_89,S1B_IW_GRDH_1SDV_20170907T043202_35VNL_88_89
S2A_MSIL2A_20170905T095031_89_54,S1A_IW_GRDH_1SDV_20170903T153258_35VNL_89_54
S2A_MSIL2A_20170905T095031_89_55,S1A_IW_GRDH_1SDV_20170903T153258_35VNL_89_55
S2A_MSIL2A_20170905T095031_89_67,S1A_IW_GRDH_1SDV_20170903T153258_35VNL_89_67
S2A_MSIL2A_20170905T095031_89_68,S1A_IW_GRDH_1SDV_20170903T153258_35VNL_89_68
S2A_MSIL2A_20170905T095031_89_78,S1A_IW_GRDH_1SDV_20170903T153258_35VNL_89_78
S2A_MSIL2A_20170905T095031_89_82,S1A_IW_GRDH_1SDV_20170903T153258_35VNL_89_82
S2A_MSIL2A_20170905T095031_89_88,S1A_IW_GRDH_1SDV_20170903T153258_35VNL_89_88
S2A_MSIL2A_20170905T095031_89_89,S1B_IW_GRDH_1SDV_20170907T043202_35VNL_89_89
S2A_MSIL2A_20170905T095031_90_56,S1A_IW_GRDH_1SDV_20170903T153258_35VNL_90_56
S2A_MSIL2A_20170905T095031_90_66,S1A_IW_GRDH_1SDV_20170903T153258_35VNL_90_66
S2A_MSIL2A_20170905T095031_90_79,S1A_IW_GRDH_1SDV_20170903T153258_35VNL_90_79
S2A_MSIL2A_20170905T095031_90_80,S1A_IW_GRDH_1SDV_20170903T153258_35VNL_90_80
S2A_MSIL2A_20170905T095031_90_81,S1A_IW_GRDH_1SDV_20170903T153258_35VNL_90_81
S2A_MSIL2A_20170905T095031_90_82,S1A_IW_GRDH_1SDV_20170903T153258_35VNL_90_82
S2A_MSIL2A_20170905T095031_90_83,S1A_IW_GRDH_1SDV_20170903T153258_35VNL_90_83
S2A_MSIL2A_20170905T095031_90_84,S1A_IW_GRDH_1SDV_20170903T153258_35VNL_90_84
S2A_MSIL2A_20170905T095031_90_85,S1A_IW_GRDH_1SDV_20170903T153258_35VNL_90_85
S2A_MSIL2A_20170905T095031_90_88,S1A_IW_GRDH_1SDV_20170903T153258_35VNL_90_88
S2A_MSIL2A_20170905T095031_90_89,S1B_IW_GRDH_1SDV_20170907T043202_35VNL_90_89
S2A_MSIL2A_20171208T093351_0_53,S1B_IW_GRDH_1SDV_20171206T163204_34TEN_0_53
S2A_MSIL2A_20171208T093351_0_54,S1B_IW_GRDH_1SDV_20171206T163204_34TEN_0_54
S2A_MSIL2A_20171208T093351_0_55,S1B_IW_GRDH_1SDV_20171206T163204_34TEN_0_55
S2A_MSIL2A_20171208T093351_0_59,S1B_IW_GRDH_1SDV_20171206T163204_34TEN_0_59
S2A_MSIL2A_20171208T093351_1_55,S1B_IW_GRDH_1SDV_20171206T163204_34TEN_1_55
S2A_MSIL2A_20171208T093351_1_56,S1B_IW_GRDH_1SDV_20171206T163204_34TEN_1_56
S2A_MSIL2A_20171208T093351_1_59,S1B_IW_GRDH_1SDV_20171206T163204_34TEN_1_59
S2A_MSIL2A_20171208T093351_1_64,S1B_IW_GRDH_1SDV_20171206T163204_34TEN_1_64
S2A_MSIL2A_20171208T093351_1_65,S1B_IW_GRDH_1SDV_20171206T163204_34TEN_1_65
S2A_MSIL2A_20171208T093351_2_56,S1A_IW_GRDH_1SDV_20171207T162450_34TEN_2_56
S2A_MSIL2A_20171208T093351_2_57,S1A_IW_GRDH_1SDV_20171207T162450_34TEN_2_57
S2A_MSIL2A_20171208T093351_2_58,S1A_IW_GRDH_1SDV_20171207T162450_34TEN_2_58
S2A_MSIL2A_20171208T093351_2_59,S1B_IW_GRDH_1SDV_20171206T163204_34TEN_2_59
S2A_MSIL2A_20171208T093351_2_60,S1B_IW_GRDH_1SDV_20171206T163204_34TEN_2_60
S2A_MSIL2A_20171208T093351_2_61,S1B_IW_GRDH_1SDV_20171206T163204_34TEN_2_61
S2A_MSIL2A_20171208T093351_2_62,S1B_IW_GRDH_1SDV_20171206T163204_34TEN_2_62
S2A_MSIL2A_20171208T093351_2_64,S1B_IW_GRDH_1SDV_20171206T163204_34TEN_2_64
S2A_MSIL2A_20171208T093351_2_66,S1B_IW_GRDH_1SDV_20171206T163204_34TEN_2_66
S2A_MSIL2A_20171208T093351_2_68,S1B_IW_GRDH_1SDV_20171206T163204_34TEN_2_68
S2A_MSIL2A_20171208T093351_2_72,S1B_IW_GRDH_1SDV_20171206T163204_34TEN_2_72
S2A_MSIL2A_20171208T093351_2_73,S1B_IW_GRDH_1SDV_20171206T163204_34TEN_2_73
S2A_MSIL2A_20171208T093351_2_74,S1B_IW_GRDH_1SDV_20171206T163204_34TEN_2_74
S2A_MSIL2A_20171208T093351_2_75,S1B_IW_GRDH_1SDV_20171206T163204_34TEN_2_75
S2A_MSIL2A_20171208T093351_3_57,S1A_IW_GRDH_1SDV_20171207T162450_34TEN_3_57
S2A_MSIL2A_20171208T093351_3_58,S1A_IW_GRDH_1SDV_20171207T162450_34TEN_3_58
S2A_MSIL2A_20171208T093351_3_59,S1A_IW_GRDH_1SDV_20171207T162450_34TEN_3_59
S2A_MSIL2A_20171208T093351_3_60,S1A_IW_GRDH_1SDV_20171207T162450_34TEN_3_60
S2A_MSIL2A_20171208T093351_3_63,S1A_IW_GRDH_1SDV_20171207T162450_34TEN_3_63
S2A_MSIL2A_20171208T093351_3_68,S1B_IW_GRDH_1SDV_20171206T163204_34TEN_3_68
S2A_MSIL2A_20171208T093351_3_69,S1B_IW_GRDH_1SDV_20171206T163204_34TEN_3_69
S2A_MSIL2A_20171208T093351_3_70,S1B_IW_GRDH_1SDV_20171206T163204_34TEN_3_70
S2A_MSIL2A_20171208T093351_3_71,S1B_IW_GRDH_1SDV_20171206T163204_34TEN_3_71
S2A_MSIL2A_20171208T093351_3_72,S1B_IW_GRDH_1SDV_20171206T163204_34TEN_3_72
S2A_MSIL2A_20171208T093351_3_73,S1B_IW_GRDH_1SDV_20171206T163204_34TEN_3_73
S2A_MSIL2A_20171208T093351_3_74,S1B_IW_GRDH_1SDV_20171206T163204_34TEN_3_74
S2A_MSIL2A_20171208T093351_3_75,S1B_IW_GRDH_1SDV_20171206T163204_34TEN_3_75
S2A_MSIL2A_20171208T093351_3_76,S1B_IW_GRDH_1SDV_20171206T163204_34TEN_3_76
S2A_MSIL2A_20171208T093351_3_77,S1B_IW_GRDH_1SDV_20171206T163204_34TEN_3_77
S2A_MSIL2A_20171208T093351_4_61,S1A_IW_GRDH_1SDV_20171207T162450_34TEN_4_61
S2A_MSIL2A_20171208T093351_4_65,S1A_IW_GRDH_1SDV_20171207T162450_34TEN_4_65
S2A_MSIL2A_20171208T093351_4_66,S1A_IW_GRDH_1SDV_20171207T162450_34TEN_4_66
S2A_MSIL2A_20171208T093351_4_67,S1A_IW_GRDH_1SDV_20171207T162450_34TEN_4_67
S2A_MSIL2A_20171208T093351_4_68,S1A_IW_GRDH_1SDV_20171207T162450_34TEN_4_68
S2A_MSIL2A_20171208T093351_4_69,S1B_IW_GRDH_1SDV_20171206T163204_34TEN_4_69
S2A_MSIL2A_20171208T093351_4_70,S1B_IW_GRDH_1SDV_20171206T163204_34TEN_4_70
S2A_MSIL2A_20171208T093351_4_71,S1B_IW_GRDH_1SDV_20171206T163204_34TEN_4_71
S2A_MSIL2A_20171208T093351_4_72,S1B_IW_GRDH_1SDV_20171206T163204_34TEN_4_72
S2A_MSIL2A_20171208T093351_4_73,S1B_IW_GRDH_1SDV_20171206T163204_34TEN_4_73
S2A_MSIL2A_20171208T093351_4_74,S1B_IW_GRDH_1SDV_20171206T163204_34TEN_4_74
S2A_MSIL2A_20171208T093351_4_75,S1B_IW_GRDH_1SDV_20171206T163204_34TEN_4_75
S2A_MSIL2A_20171208T093351_4_76,S1B_IW_GRDH_1SDV_20171206T163204_34TEN_4_76
S2A_MSIL2A_20171208T093351_4_77,S1B_IW_GRDH_1SDV_20171206T163204_34TEN_4_77
S2A_MSIL2A_20171208T093351_4_78,S1B_IW_GRDH_1SDV_20171206T163204_34TEN_4_78
S2A_MSIL2A_20171208T093351_4_79,S1B_IW_GRDH_1SDV_20171206T163204_34TEN_4_79
S2A_MSIL2A_20171208T093351_4_80,S1B_IW_GRDH_1SDV_20171206T163204_34TEN_4_80
S2A_MSIL2A_20171208T093351_4_81,S1B_IW_GRDH_1SDV_20171206T163204_34TEN_4_81
S2A_MSIL2A_20171208T093351_5_56,S1A_IW_GRDH_1SDV_20171207T162450_34TEN_5_56
S2A_MSIL2A_20171208T093351_5_57,S1A_IW_GRDH_1SDV_20171207T162450_34TEN_5_57
S2A_MSIL2A_20171208T093351_5_58,S1A_IW_GRDH_1SDV_20171207T162450_34TEN_5_58
S2A_MSIL2A_20171208T093351_5_59,S1A_IW_GRDH_1SDV_20171207T162450_34TEN_5_59
S2A_MSIL2A_20171208T093351_5_60,S1A_IW_GRDH_1SDV_20171207T162450_34TEN_5_60
S2A_MSIL2A_20171208T093351_5_61,S1A_IW_GRDH_1SDV_20171207T162450_34TEN_5_61
S2A_MSIL2A_20171208T093351_5_69,S1A_IW_GRDH_1SDV_20171207T162450_34TEN_5_69
S2A_MSIL2A_20171208T093351_5_70,S1A_IW_GRDH_1SDV_20171207T162450_34TEN_5_70
S2A_MSIL2A_20171208T093351_5_71,S1A_IW_GRDH_1SDV_20171207T162450_34TEN_5_71
S2A_MSIL2A_20171208T093351_5_72,S1A_IW_GRDH_1SDV_20171207T162450_34TEN_5_72
S2A_MSIL2A_20171208T093351_5_73,S1A_IW_GRDH_1SDV_20171207T162450_34TEN_5_73
S2A_MSIL2A_20171208T093351_5_74,S1B_IW_GRDH_1SDV_20171206T163204_34TEN_5_74
S2A_MSIL2A_20171208T093351_5_75,S1B_IW_GRDH_1SDV_20171206T163204_34TEN_5_75
S2A_MSIL2A_20171208T093351_5_76,S1B_IW_GRDH_1SDV_20171206T163204_34TEN_5_76
S2A_MSIL2A_20171208T093351_6_56,S1A_IW_GRDH_1SDV_20171207T162450_34TEN_6_56
S2A_MSIL2A_20171208T093351_6_57,S1A_IW_GRDH_1SDV_20171207T162450_34TEN_6_57
S2A_MSIL2A_20171208T093351_6_58,S1A_IW_GRDH_1SDV_20171207T162450_34TEN_6_58
S2A_MSIL2A_20171208T093351_6_60,S1A_IW_GRDH_1SDV_20171207T162450_34TEN_6_60
S2A_MSIL2A_20171208T093351_6_74,S1A_IW_GRDH_1SDV_20171207T162450_34TEN_6_74
S2A_MSIL2A_20171208T093351_6_75,S1A_IW_GRDH_1SDV_20171207T162450_34TEN_6_75
S2A_MSIL2A_20171208T093351_6_76,S1A_IW_GRDH_1SDV_20171207T162450_34TEN_6_76
S2A_MSIL2A_20171208T093351_6_77,S1A_IW_GRDH_1SDV_20171207T162450_34TEN_6_77
S2A_MSIL2A_20171208T093351_7_76,S1A_IW_GRDH_1SDV_20171207T162450_34TEN_7_76
S2A_MSIL2A_20171208T093351_8_55,S1A_IW_GRDH_1SDV_20171207T162450_34TEN_8_55
S2A_MSIL2A_20171208T093351_8_56,S1A_IW_GRDH_1SDV_20171207T162450_34TEN_8_56
S2A_MSIL2A_20171208T093351_30_90,S1A_IW_GRDH_1SDV_20171207T162425_34TEN_30_90
S2A_MSIL2A_20171208T093351_39_77,S1A_IW_GRDH_1SDV_20171207T162450_34TEN_39_77
S2A_MSIL2A_20171208T093351_39_78,S1B_IW_GRDH_1SDV_20171206T163204_34TEN_39_78
S2A_MSIL2A_20171208T093351_40_76,S1A_IW_GRDH_1SDV_20171207T162450_34TEN_40_76
S2A_MSIL2A_20171208T093351_40_77,S1A_IW_GRDH_1SDV_20171207T162450_34TEN_40_77
S2A_MSIL2A_20171208T093351_40_78,S1B_IW_GRDH_1SDV_20171206T163204_34TEN_40_78
S2A_MSIL2A_20171208T093351_40_79,S1A_IW_GRDH_1SDV_20171207T162425_34TEN_40_79
S2A_MSIL2A_20171208T093351_41_77,S1A_IW_GRDH_1SDV_20171207T162450_34TEN_41_77
S2A_MSIL2A_20171208T093351_41_78,S1B_IW_GRDH_1SDV_20171206T163204_34TEN_41_78
S2A_MSIL2A_20171208T093351_70_67,S1A_IW_GRDH_1SDV_20171207T162450_34TEN_70_67
S2A_MSIL2A_20171208T093351_70_68,S1A_IW_GRDH_1SDV_20171207T162450_34TEN_70_68
S2A_MSIL2A_20171208T093351_71_63,S1A_IW_GRDH_1SDV_20171207T162450_34TEN_71_63
S2A_MSIL2A_20171208T093351_71_64,S1A_IW_GRDH_1SDV_20171207T162450_34TEN_71_64
S2A_MSIL2A_20171208T093351_71_65,S1A_IW_GRDH_1SDV_20171207T162450_34TEN_71_65
S2A_MSIL2A_20171208T093351_71_66,S1A_IW_GRDH_1SDV_20171207T162450_34TEN_71_66
S2A_MSIL2A_20171208T093351_71_67,S1A_IW_GRDH_1SDV_20171207T162450_34TEN_71_67
S2A_MSIL2A_20171208T093351_72_61,S1A_IW_GRDH_1SDV_20171207T162450_34TEN_72_61
S2A_MSIL2A_20171208T093351_72_62,S1A_IW_GRDH_1SDV_20171207T162450_34TEN_72_62
S2A_MSIL2A_20171208T093351_72_63,S1A_IW_GRDH_1SDV_20171207T162450_34TEN_72_63
S2A_MSIL2A_20171208T093351_72_64,S1A_IW_GRDH_1SDV_20171207T162450_34TEN_72_64
S2A_MSIL2A_20171208T093351_72_65,S1A_IW_GRDH_1SDV_20171207T162450_34TEN_72_65
S2A_MSIL2A_20171208T093351_73_64,S1A_IW_GRDH_1SDV_20171207T162450_34TEN_73_64
S2A_MSIL2A_20171208T093351_74_64,S1A_IW_GRDH_1SDV_20171207T162450_34TEN_74_64
S2A_MSIL2A_20171208T093351_75_59,S1A_IW_GRDH_1SDV_20171207T162450_34TEN_75_59
S2A_MSIL2A_20180225T114351_0_86,S1B_IW_GRDH_1SDV_20180225T063842_29UPU_0_86
S2A_MSIL2A_20180225T114351_0_87,S1B_IW_GRDH_1SDV_20180225T063842_29UPU_0_87
S2A_MSIL2A_20180225T114351_0_88,S1B_IW_GRDH_1SDV_20180225T063842_29UPU_0_88
S2A_MSIL2A_20180225T114351_0_90,S1B_IW_GRDH_1SDV_20180225T063842_29UPU_0_90
S2A_MSIL2A_20180225T114351_64_37,S1B_IW_GRDH_1SDV_20180225T063817_29UPU_64_37
S2A_MSIL2A_20180225T114351_65_33,S1B_IW_GRDH_1SDV_20180225T063817_29UPU_65_33
S2A_MSIL2A_20180225T114351_65_34,S1B_IW_GRDH_1SDV_20180225T063817_29UPU_65_34
S2A_MSIL2A_20180225T114351_65_35,S1B_IW_GRDH_1SDV_20180225T063817_29UPU_65_35
S2A_MSIL2A_20180225T114351_65_36,S1B_IW_GRDH_1SDV_20180225T063817_29UPU_65_36
S2A_MSIL2A_20180225T114351_65_37,S1B_IW_GRDH_1SDV_20180225T063817_29UPU_65_37
S2A_MSIL2A_20180225T114351_66_33,S1B_IW_GRDH_1SDV_20180225T063817_29UPU_66_33
S2A_MSIL2A_20180225T114351_66_34,S1B_IW_GRDH_1SDV_20180225T063817_29UPU_66_34
S2A_MSIL2A_20180225T114351_66_35,S1B_IW_GRDH_1SDV_20180225T063817_29UPU_66_35
S2A_MSIL2A_20180225T114351_68_38,S1B_IW_GRDH_1SDV_20180225T063817_29UPU_68_38
S2A_MSIL2A_20180225T114351_69_35,S1B_IW_GRDH_1SDV_20180225T063817_29UPU_69_35
S2A_MSIL2A_20180225T114351_69_36,S1B_IW_GRDH_1SDV_20180225T063817_29UPU_69_36
S2A_MSIL2A_20180225T114351_69_37,S1B_IW_GRDH_1SDV_20180225T063817_29UPU_69_37
S2A_MSIL2A_20180225T114351_69_40,S1B_IW_GRDH_1SDV_20180225T063817_29UPU_69_40
S2A_MSIL2A_20180225T114351_70_40,S1B_IW_GRDH_1SDV_20180225T063817_29UPU_70_40
S2A_MSIL2A_20180225T114351_78_67,S1B_IW_GRDH_1SDV_20180225T063817_29UPU_78_67
S2A_MSIL2A_20180225T114351_79_37,S1B_IW_GRDH_1SDV_20180225T063817_29UPU_79_37
S2A_MSIL2A_20180225T114351_79_38,S1B_IW_GRDH_1SDV_20180225T063817_29UPU_79_38
S2A_MSIL2A_20180225T114351_79_39,S1B_IW_GRDH_1SDV_20180225T063817_29UPU_79_39
S2A_MSIL2A_20180225T114351_81_40,S1B_IW_GRDH_1SDV_20180225T063817_29UPU_81_40
S2A_MSIL2A_20180225T114351_81_41,S1B_IW_GRDH_1SDV_20180225T063817_29UPU_81_41
S2A_MSIL2A_20180225T114351_81_43,S1B_IW_GRDH_1SDV_20180225T063817_29UPU_81_43
S2A_MSIL2A_20180225T114351_81_44,S1B_IW_GRDH_1SDV_20180225T063817_29UPU_81_44
S2A_MSIL2A_20180225T114351_81_45,S1B_IW_GRDH_1SDV_20180225T063817_29UPU_81_45
S2A_MSIL2A_20180225T114351_82_35,S1B_IW_GRDH_1SDV_20180225T063817_29UPU_82_35
S2A_MSIL2A_20180510T094031_29_71,S1A_IW_GRDH_1SDV_20180509T160338_35VLC_29_71
S2A_MSIL2A_20180510T094031_30_69,S1A_IW_GRDH_1SDV_20180509T160338_35VLC_30_69
S2A_MSIL2A_20180510T094031_34_64,S1A_IW_GRDH_1SDV_20180509T160338_35VLC_34_64
S2A_MSIL2A_20180510T094031_35_64,S1A_IW_GRDH_1SDV_20180509T160338_35VLC_35_64
S2A_MSIL2A_20180510T094031_36_64,S1A_IW_GRDH_1SDV_20180509T160338_35VLC_36_64
S2A_MSIL2A_20180510T094031_36_65,S1A_IW_GRDH_1SDV_20180509T160338_35VLC_36_65
S2A_MSIL2A_20180510T094031_37_66,S1A_IW_GRDH_1SDV_20180509T160338_35VLC_37_66
S2A_MSIL2A_20180510T094031_38_60,S1A_IW_GRDH_1SDV_20180509T160338_35VLC_38_60
S2A_MSIL2A_20180527T093041_30_48,S1A_IW_GRDH_1SDV_20180525T153234_35VPK_30_48
S2A_MSIL2A_20180527T093041_30_49,S1A_IW_GRDH_1SDV_20180525T153234_35VPK_30_49
S2A_MSIL2A_20180527T093041_30_50,S1A_IW_GRDH_1SDV_20180525T153234_35VPK_30_50
S2A_MSIL2A_20180527T093041_30_52,S1A_IW_GRDH_1SDV_20180525T153234_35VPK_30_52
S2A_MSIL2A_20180527T093041_30_53,S1A_IW_GRDH_1SDV_20180525T153234_35VPK_30_53
S2A_MSIL2A_20180527T093041_32_59,S1A_IW_GRDH_1SDV_20180525T153234_35VPK_32_59
S2A_MSIL2A_20180527T093041_32_64,S1A_IW_GRDH_1SDV_20180525T153234_35VPK_32_64
S2A_MSIL2A_20180527T093041_32_65,S1A_IW_GRDH_1SDV_20180525T153234_35VPK_32_65
S2A_MSIL2A_20180527T093041_32_66,S1A_IW_GRDH_1SDV_20180525T153234_35VPK_32_66
S2A_MSIL2A_20180527T093041_32_67,S1A_IW_GRDH_1SDV_20180525T153234_35VPK_32_67
S2A_MSIL2A_20180527T093041_33_26,S1A_IW_GRDH_1SDV_20180525T153234_35VPK_33_26
S2A_MSIL2A_20180527T093041_33_49,S1A_IW_GRDH_1SDV_20180525T153234_35VPK_33_49
S2A_MSIL2A_20180527T093041_33_50,S1A_IW_GRDH_1SDV_20180525T153234_35VPK_33_50
S2A_MSIL2A_20180527T093041_33_51,S1A_IW_GRDH_1SDV_20180525T153234_35VPK_33_51
S2A_MSIL2A_20180527T093041_33_52,S1A_IW_GRDH_1SDV_20180525T153234_35VPK_33_52
S2A_MSIL2A_20180527T093041_33_53,S1A_IW_GRDH_1SDV_20180525T153234_35VPK_33_53
S2A_MSIL2A_20180527T093041_33_57,S1A_IW_GRDH_1SDV_20180525T153234_35VPK_33_57
S2A_MSIL2A_20180527T093041_33_58,S1A_IW_GRDH_1SDV_20180525T153234_35VPK_33_58
S2A_MSIL2A_20180527T093041_33_65,S1A_IW_GRDH_1SDV_20180525T153234_35VPK_33_65
S2A_MSIL2A_20180527T093041_33_66,S1A_IW_GRDH_1SDV_20180525T153234_35VPK_33_66
S2A_MSIL2A_20180527T093041_34_30,S1A_IW_GRDH_1SDV_20180525T153234_35VPK_34_30
S2A_MSIL2A_20180527T093041_34_31,S1A_IW_GRDH_1SDV_20180525T153234_35VPK_34_31
S2A_MSIL2A_20180527T093041_34_32,S1A_IW_GRDH_1SDV_20180525T153234_35VPK_34_32
S2A_MSIL2A_20180527T093041_34_33,S1A_IW_GRDH_1SDV_20180525T153234_35VPK_34_33
S2A_MSIL2A_20180527T093041_34_34,S1A_IW_GRDH_1SDV_20180525T153234_35VPK_34_34
S2A_MSIL2A_20180527T093041_34_50,S1A_IW_GRDH_1SDV_20180525T153234_35VPK_34_50
S2A_MSIL2A_20180527T093041_34_51,S1A_IW_GRDH_1SDV_20180525T153234_35VPK_34_51
S2A_MSIL2A_20180527T093041_34_52,S1A_IW_GRDH_1SDV_20180525T153234_35VPK_34_52
S2A_MSIL2A_20180527T093041_34_53,S1A_IW_GRDH_1SDV_20180525T153234_35VPK_34_53
S2A_MSIL2A_20180527T093041_34_54,S1A_IW_GRDH_1SDV_20180525T153234_35VPK_34_54
S2A_MSIL2A_20180527T093041_34_55,S1A_IW_GRDH_1SDV_20180525T153234_35VPK_34_55
S2A_MSIL2A_20180527T093041_34_56,S1A_IW_GRDH_1SDV_20180525T153234_35VPK_34_56
S2A_MSIL2A_20180527T093041_34_57,S1A_IW_GRDH_1SDV_20180525T153234_35VPK_34_57
S2A_MSIL2A_20180527T093041_34_58,S1A_IW_GRDH_1SDV_20180525T153234_35VPK_34_58
S2A_MSIL2A_20180527T093041_34_59,S1A_IW_GRDH_1SDV_20180525T153234_35VPK_34_59
S2A_MSIL2A_20180527T093041_34_66,S1A_IW_GRDH_1SDV_20180525T153234_35VPK_34_66
S2A_MSIL2A_20180527T093041_35_30,S1A_IW_GRDH_1SDV_20180525T153234_35VPK_35_30
S2A_MSIL2A_20180527T093041_35_31,S1A_IW_GRDH_1SDV_20180525T153234_35VPK_35_31
S2A_MSIL2A_20180527T093041_35_34,S1A_IW_GRDH_1SDV_20180525T153234_35VPK_35_34
S2A_MSIL2A_20180527T093041_35_51,S1A_IW_GRDH_1SDV_20180525T153234_35VPK_35_51
S2A_MSIL2A_20180527T093041_35_52,S1A_IW_GRDH_1SDV_20180525T153234_35VPK_35_52
S2A_MSIL2A_20180527T093041_35_53,S1A_IW_GRDH_1SDV_20180525T153234_35VPK_35_53
S2A_MSIL2A_20180527T093041_35_54,S1A_IW_GRDH_1SDV_20180525T153234_35VPK_35_54
S2A_MSIL2A_20180527T093041_35_55,S1A_IW_GRDH_1SDV_20180525T153234_35VPK_35_55
S2A_MSIL2A_20180527T093041_35_56,S1A_IW_GRDH_1SDV_20180525T153234_35VPK_35_56
S2A_MSIL2A_20180527T093041_35_57,S1A_IW_GRDH_1SDV_20180525T153234_35VPK_35_57
S2A_MSIL2A_20180527T093041_35_58,S1A_IW_GRDH_1SDV_20180525T153234_35VPK_35_58
S2A_MSIL2A_20180527T093041_35_59,S1A_IW_GRDH_1SDV_20180525T153234_35VPK_35_59
S2A_MSIL2A_20180527T093041_35_60,S1A_IW_GRDH_1SDV_20180525T153234_35VPK_35_60
S2A_MSIL2A_20180527T093041_35_61,S1A_IW_GRDH_1SDV_20180525T153234_35VPK_35_61
S2A_MSIL2A_20180527T093041_35_62,S1A_IW_GRDH_1SDV_20180525T153234_35VPK_35_62
S2A_MSIL2A_20180527T093041_35_63,S1A_IW_GRDH_1SDV_20180525T153234_35VPK_35_63
S2A_MSIL2A_20180527T093041_35_66,S1A_IW_GRDH_1SDV_20180525T153234_35VPK_35_66
S2A_MSIL2A_20180527T093041_36_55,S1A_IW_GRDH_1SDV_20180525T153234_35VPK_36_55
S2A_MSIL2A_20180527T093041_36_56,S1A_IW_GRDH_1SDV_20180525T153234_35VPK_36_56
S2A_MSIL2A_20180527T093041_36_57,S1A_IW_GRDH_1SDV_20180525T153234_35VPK_36_57
S2A_MSIL2A_20180527T093041_36_58,S1A_IW_GRDH_1SDV_20180525T153234_35VPK_36_58
S2A_MSIL2A_20180527T093041_36_59,S1A_IW_GRDH_1SDV_20180525T153234_35VPK_36_59
S2A_MSIL2A_20180527T093041_36_60,S1A_IW_GRDH_1SDV_20180525T153234_35VPK_36_60
S2A_MSIL2A_20180527T093041_36_61,S1A_IW_GRDH_1SDV_20180525T153234_35VPK_36_61
S2A_MSIL2A_20180527T093041_36_63,S1A_IW_GRDH_1SDV_20180525T153234_35VPK_36_63
S2A_MSIL2A_20180527T093041_36_64,S1A_IW_GRDH_1SDV_20180525T153234_35VPK_36_64
S2A_MSIL2A_20180527T093041_37_0,S1A_IW_GRDH_1SDV_20180525T153234_35VPK_37_0
S2A_MSIL2A_20180527T093041_37_57,S1A_IW_GRDH_1SDV_20180525T153234_35VPK_37_57
S2A_MSIL2A_20180527T093041_37_58,S1A_IW_GRDH_1SDV_20180525T153234_35VPK_37_58
S2A_MSIL2A_20180527T093041_37_59,S1A_IW_GRDH_1SDV_20180525T153234_35VPK_37_59
S2A_MSIL2A_20180527T093041_37_60,S1A_IW_GRDH_1SDV_20180525T153234_35VPK_37_60
S2A_MSIL2A_20180527T093041_37_61,S1A_IW_GRDH_1SDV_20180525T153234_35VPK_37_61
S2A_MSIL2A_20180527T093041_37_62,S1A_IW_GRDH_1SDV_20180525T153234_35VPK_37_62
S2A_MSIL2A_20180527T093041_37_65,S1A_IW_GRDH_1SDV_20180525T153234_35VPK_37_65
S2A_MSIL2A_20180527T093041_37_68,S1A_IW_GRDH_1SDV_20180525T153234_35VPK_37_68
S2A_MSIL2A_20180527T093041_38_63,S1A_IW_GRDH_1SDV_20180525T153234_35VPK_38_63
S2A_MSIL2A_20180527T093041_40_3,S1A_IW_GRDH_1SDV_20180525T153234_35VPK_40_3
S2A_MSIL2A_20180527T093041_41_4,S1A_IW_GRDH_1SDV_20180525T153234_35VPK_41_4
S2A_MSIL2A_20180527T093041_41_89,S1A_IW_GRDH_1SDV_20180525T153234_35VPK_41_89
S2A_MSIL2A_20180527T093041_42_3,S1A_IW_GRDH_1SDV_20180525T153234_35VPK_42_3
S2A_MSIL2A_20180527T093041_42_4,S1A_IW_GRDH_1SDV_20180525T153234_35VPK_42_4
S2A_MSIL2A_20180527T093041_42_67,S1A_IW_GRDH_1SDV_20180525T153234_35VPK_42_67
S2A_MSIL2A_20180529T115401_20_85,S1A_IW_GRDH_1SDV_20180529T181504_29UNB_20_85
S2A_MSIL2A_20180529T115401_21_84,S1A_IW_GRDH_1SDV_20180529T181504_29UNB_21_84
S2A_MSIL2A_20180529T115401_26_77,S1A_IW_GRDH_1SDV_20180529T181504_29UNB_26_77
S2A_MSIL2A_20180529T115401_26_78,S1A_IW_GRDH_1SDV_20180529T181504_29UNB_26_78
S2A_MSIL2A_20180529T115401_27_77,S1A_IW_GRDH_1SDV_20180529T181504_29UNB_27_77
S2A_MSIL2A_20180529T115401_30_79,S1A_IW_GRDH_1SDV_20180529T181504_29UNB_30_79
S2A_MSIL2A_20180529T115401_32_89,S1A_IW_GRDH_1SDV_20180529T181504_29UNB_32_89
S2A_MSIL2A_20180529T115401_35_79,S1A_IW_GRDH_1SDV_20180529T181504_29UNB_35_79
S2B_MSIL2A_20170709T094029_1_25,S1B_IW_GRDH_1SDV_20170709T043159_35VNL_1_25
S2B_MSIL2A_20170709T094029_2_0,S1B_IW_GRDH_1SDV_20170709T043159_35VNL_2_0
S2B_MSIL2A_20170709T094029_2_1,S1B_IW_GRDH_1SDV_20170709T043159_35VNL_2_1
S2B_MSIL2A_20170709T094029_2_2,S1B_IW_GRDH_1SDV_20170709T043159_35VNL_2_2
S2B_MSIL2A_20170709T094029_2_4,S1B_IW_GRDH_1SDV_20170709T043159_35VNL_2_4
S2B_MSIL2A_20170709T094029_2_5,S1B_IW_GRDH_1SDV_20170709T043159_35VNL_2_5
S2B_MSIL2A_20170709T094029_2_25,S1B_IW_GRDH_1SDV_20170709T043159_35VNL_2_25
S2B_MSIL2A_20170709T094029_3_1,S1B_IW_GRDH_1SDV_20170709T043159_35VNL_3_1
S2B_MSIL2A_20170709T094029_3_2,S1B_IW_GRDH_1SDV_20170709T043159_35VNL_3_2
S2B_MSIL2A_20170709T094029_3_3,S1B_IW_GRDH_1SDV_20170709T043159_35VNL_3_3
S2B_MSIL2A_20170709T094029_3_4,S1B_IW_GRDH_1SDV_20170709T043159_35VNL_3_4
S2B_MSIL2A_20170709T094029_4_0,S1B_IW_GRDH_1SDV_20170709T043159_35VNL_4_0
S2B_MSIL2A_20170709T094029_4_1,S1B_IW_GRDH_1SDV_20170709T043159_35VNL_4_1
S2B_MSIL2A_20170709T094029_4_2,S1B_IW_GRDH_1SDV_20170709T043159_35VNL_4_2
S2B_MSIL2A_20170709T094029_4_3,S1B_IW_GRDH_1SDV_20170709T043159_35VNL_4_3
S2B_MSIL2A_20170709T094029_4_4,S1B_IW_GRDH_1SDV_20170709T043159_35VNL_4_4
S2B_MSIL2A_20170709T094029_5_0,S1B_IW_GRDH_1SDV_20170709T043159_35VNL_5_0
S2B_MSIL2A_20170709T094029_5_1,S1B_IW_GRDH_1SDV_20170709T043159_35VNL_5_1
S2B_MSIL2A_20170709T094029_5_2,S1B_IW_GRDH_1SDV_20170709T043159_35VNL_5_2
S2B_MSIL2A_20170709T094029_5_3,S1B_IW_GRDH_1SDV_20170709T043159_35VNL_5_3
S2B_MSIL2A_20170709T094029_5_4,S1B_IW_GRDH_1SDV_20170709T043159_35VNL_5_4
S2B_MSIL2A_20170709T094029_6_0,S1B_IW_GRDH_1SDV_20170709T043159_35VNL_6_0
S2B_MSIL2A_20170709T094029_7_2,S1B_IW_GRDH_1SDV_20170709T043159_35VNL_7_2
S2B_MSIL2A_20170709T094029_7_3,S1B_IW_GRDH_1SDV_20170709T043159_35VNL_7_3
S2B_MSIL2A_20170709T094029_7_4,S1B_IW_GRDH_1SDV_20170709T043159_35VNL_7_4
S2B_MSIL2A_20170709T094029_7_5,S1B_IW_GRDH_1SDV_20170709T043159_35VNL_7_5
S2B_MSIL2A_20170709T094029_7_7,S1B_IW_GRDH_1SDV_20170709T043159_35VNL_7_7
S2B_MSIL2A_20170709T094029_7_8,S1B_IW_GRDH_1SDV_20170709T043159_35VNL_7_8
S2B_MSIL2A_20170709T094029_8_2,S1B_IW_GRDH_1SDV_20170709T043159_35VNL_8_2
S2B_MSIL2A_20170709T094029_8_3,S1B_IW_GRDH_1SDV_20170709T043159_35VNL_8_3
S2B_MSIL2A_20170709T094029_8_4,S1B_IW_GRDH_1SDV_20170709T043159_35VNL_8_4
S2B_MSIL2A_20170709T094029_8_5,S1B_IW_GRDH_1SDV_20170709T043159_35VNL_8_5
S2B_MSIL2A_20170709T094029_8_6,S1B_IW_GRDH_1SDV_20170709T043159_35VNL_8_6
S2B_MSIL2A_20170709T094029_8_7,S1B_IW_GRDH_1SDV_20170709T043159_35VNL_8_7
S2B_MSIL2A_20170709T094029_8_8,S1B_IW_GRDH_1SDV_20170709T043159_35VNL_8_8
S2B_MSIL2A_20170709T094029_8_9,S1B_IW_GRDH_1SDV_20170709T043159_35VNL_8_9
S2B_MSIL2A_20170709T094029_8_10,S1B_IW_GRDH_1SDV_20170709T043159_35VNL_8_10
S2B_MSIL2A_20170709T094029_8_11,S1B_IW_GRDH_1SDV_20170709T043159_35VNL_8_11
S2B_MSIL2A_20170709T094029_8_12,S1B_IW_GRDH_1SDV_20170709T043159_35VNL_8_12
S2B_MSIL2A_20170709T094029_8_13,S1B_IW_GRDH_1SDV_20170709T043159_35VNL_8_13
S2B_MSIL2A_20170709T094029_9_5,S1B_IW_GRDH_1SDV_20170709T043159_35VNL_9_5
S2B_MSIL2A_20170709T094029_9_6,S1B_IW_GRDH_1SDV_20170709T043159_35VNL_9_6
S2B_MSIL2A_20170709T094029_9_7,S1B_IW_GRDH_1SDV_20170709T043159_35VNL_9_7
S2B_MSIL2A_20170709T094029_9_8,S1B_IW_GRDH_1SDV_20170709T043159_35VNL_9_8
S2B_MSIL2A_20170709T094029_9_9,S1B_IW_GRDH_1SDV_20170709T043159_35VNL_9_9
S2B_MSIL2A_20170709T094029_16_89,S1B_IW_GRDH_1SDV_20170709T043159_35VNL_16_89
S2B_MSIL2A_20170709T094029_16_90,S1B_IW_GRDH_1SDV_20170709T043159_35VNL_16_90
S2B_MSIL2A_20170709T094029_19_73,S1B_IW_GRDH_1SDV_20170709T043159_35VNL_19_73
S2B_MSIL2A_20170808T094029_39_50,S1A_IW_GRDH_1SDV_20170808T043524_35ULA_39_50
S2B_MSIL2A_20170808T094029_39_54,S1A_IW_GRDH_1SDV_20170808T043524_35ULA_39_54
S2B_MSIL2A_20170808T094029_41_75,S1A_IW_GRDH_1SDV_20170808T043524_35ULA_41_75
S2B_MSIL2A_20170808T094029_54_49,S1A_IW_GRDH_1SDV_20170808T043524_35ULA_54_49
S2B_MSIL2A_20170808T094029_61_65,S1A_IW_GRDH_1SDV_20170808T043524_35ULA_61_65
S2B_MSIL2A_20170906T101019_0_89,S1A_IW_GRDH_1SDV_20170904T161304_34VDN_0_89
S2B_MSIL2A_20170906T101019_0_90,S1A_IW_GRDH_1SDV_20170904T161304_34VDN_0_90
S2B_MSIL2A_20170906T101019_1_88,S1A_IW_GRDH_1SDV_20170904T161304_34VDN_1_88
S2B_MSIL2A_20170906T101019_1_89,S1A_IW_GRDH_1SDV_20170904T161304_34VDN_1_89
S2B_MSIL2A_20170906T101019_1_90,S1A_IW_GRDH_1SDV_20170904T161304_34VDN_1_90
S2B_MSIL2A_20170906T101019_2_65,S1A_IW_GRDH_1SDV_20170904T161304_34VDN_2_65
S2B_MSIL2A_20170906T101019_2_68,S1A_IW_GRDH_1SDV_20170904T161304_34VDN_2_68
S2B_MSIL2A_20170906T101019_2_85,S1A_IW_GRDH_1SDV_20170904T161304_34VDN_2_85
S2B_MSIL2A_20170906T101019_2_86,S1A_IW_GRDH_1SDV_20170904T161304_34VDN_2_86
S2B_MSIL2A_20170906T101019_2_88,S1A_IW_GRDH_1SDV_20170904T161304_34VDN_2_88
S2B_MSIL2A_20170906T101019_2_89,S1A_IW_GRDH_1SDV_20170904T161304_34VDN_2_89
S2B_MSIL2A_20170906T101019_2_90,S1A_IW_GRDH_1SDV_20170904T161304_34VDN_2_90
S2B_MSIL2A_20170906T101019_3_66,S1A_IW_GRDH_1SDV_20170904T161304_34VDN_3_66
S2B_MSIL2A_20170906T101019_3_67,S1A_IW_GRDH_1SDV_20170904T161304_34VDN_3_67
S2B_MSIL2A_20170906T101019_3_69,S1A_IW_GRDH_1SDV_20170904T161304_34VDN_3_69
S2B_MSIL2A_20170906T101019_3_89,S1A_IW_GRDH_1SDV_20170904T161304_34VDN_3_89
S2B_MSIL2A_20170906T101019_3_90,S1A_IW_GRDH_1SDV_20170904T161304_34VDN_3_90
S2B_MSIL2A_20170906T101019_4_66,S1A_IW_GRDH_1SDV_20170904T161304_34VDN_4_66
S2B_MSIL2A_20170906T101019_4_67,S1A_IW_GRDH_1SDV_20170904T161304_34VDN_4_67
S2B_MSIL2A_20170906T101019_4_68,S1A_IW_GRDH_1SDV_20170904T161304_34VDN_4_68
S2B_MSIL2A_20170906T101019_4_87,S1A_IW_GRDH_1SDV_20170904T161304_34VDN_4_87
S2B_MSIL2A_20170906T101019_4_88,S1A_IW_GRDH_1SDV_20170904T161304_34VDN_4_88
S2B_MSIL2A_20170906T101019_4_89,S1A_IW_GRDH_1SDV_20170904T161304_34VDN_4_89
S2B_MSIL2A_20170906T101019_4_90,S1A_IW_GRDH_1SDV_20170904T161304_34VDN_4_90
S2B_MSIL2A_20170906T101019_5_64,S1A_IW_GRDH_1SDV_20170904T161304_34VDN_5_64
S2B_MSIL2A_20170906T101019_5_89,S1A_IW_GRDH_1SDV_20170904T161304_34VDN_5_89
S2B_MSIL2A_20170906T101019_5_90,S1A_IW_GRDH_1SDV_20170904T161304_34VDN_5_90
S2B_MSIL2A_20170906T101019_6_90,S1A_IW_GRDH_1SDV_20170904T161304_34VDN_6_90
S2B_MSIL2A_20170906T101019_9_68,S1A_IW_GRDH_1SDV_20170904T161304_34VDN_9_68
S2B_MSIL2A_20170906T101019_10_69,S1A_IW_GRDH_1SDV_20170904T161304_34VDN_10_69
S2B_MSIL2A_20170906T101019_11_89,S1A_IW_GRDH_1SDV_20170904T161304_34VDN_11_89
S2B_MSIL2A_20170906T101019_12_89,S1A_IW_GRDH_1SDV_20170904T161304_34VDN_12_89
S2B_MSIL2A_20170906T101019_14_88,S1A_IW_GRDH_1SDV_20170904T161304_34VDN_14_88
S2B_MSIL2A_20170906T101019_14_89,S1A_IW_GRDH_1SDV_20170904T161304_34VDN_14_89
S2B_MSIL2A_20170906T101019_14_90,S1A_IW_GRDH_1SDV_20170904T161304_34VDN_14_90
S2B_MSIL2A_20170906T101019_15_86,S1A_IW_GRDH_1SDV_20170904T161304_34VDN_15_86
S2B_MSIL2A_20170906T101019_16_83,S1A_IW_GRDH_1SDV_20170904T161304_34VDN_16_83
S2B_MSIL2A_20170906T101019_17_82,S1A_IW_GRDH_1SDV_20170904T161304_34VDN_17_82
S2B_MSIL2A_20170906T101019_17_83,S1A_IW_GRDH_1SDV_20170904T161304_34VDN_17_83
S2B_MSIL2A_20170906T101019_17_84,S1A_IW_GRDH_1SDV_20170904T161304_34VDN_17_84
S2B_MSIL2A_20170906T101019_17_85,S1A_IW_GRDH_1SDV_20170904T161304_34VDN_17_85
S2B_MSIL2A_20170906T101019_17_86,S1A_IW_GRDH_1SDV_20170904T161304_34VDN_17_86
S2B_MSIL2A_20170906T101019_17_88,S1A_IW_GRDH_1SDV_20170904T161304_34VDN_17_88
S2B_MSIL2A_20170906T101019_17_89,S1A_IW_GRDH_1SDV_20170904T161304_34VDN_17_89
S2B_MSIL2A_20170906T101019_17_90,S1A_IW_GRDH_1SDV_20170904T161304_34VDN_17_90
S2B_MSIL2A_20170906T101019_18_83,S1A_IW_GRDH_1SDV_20170904T161304_34VDN_18_83
S2B_MSIL2A_20170906T101019_18_84,S1A_IW_GRDH_1SDV_20170904T161304_34VDN_18_84
S2B_MSIL2A_20170906T101019_18_85,S1A_IW_GRDH_1SDV_20170904T161304_34VDN_18_85
S2B_MSIL2A_20170906T101019_18_86,S1A_IW_GRDH_1SDV_20170904T161304_34VDN_18_86
S2B_MSIL2A_20170906T101019_18_87,S1A_IW_GRDH_1SDV_20170904T161304_34VDN_18_87
S2B_MSIL2A_20170906T101019_18_88,S1A_IW_GRDH_1SDV_20170904T161304_34VDN_18_88
S2B_MSIL2A_20170906T101019_18_89,S1A_IW_GRDH_1SDV_20170904T161304_34VDN_18_89
S2B_MSIL2A_20170906T101019_18_90,S1A_IW_GRDH_1SDV_20170904T161304_34VDN_18_90
S2B_MSIL2A_20170906T101019_19_81,S1A_IW_GRDH_1SDV_20170904T161304_34VDN_19_81
S2B_MSIL2A_20170906T101019_19_83,S1A_IW_GRDH_1SDV_20170904T161304_34VDN_19_83
S2B_MSIL2A_20170906T101019_19_84,S1A_IW_GRDH_1SDV_20170904T161304_34VDN_19_84
S2B_MSIL2A_20170906T101019_19_85,S1A_IW_GRDH_1SDV_20170904T161304_34VDN_19_85
S2B_MSIL2A_20170906T101019_19_86,S1A_IW_GRDH_1SDV_20170904T161304_34VDN_19_86
S2B_MSIL2A_20170906T101019_19_87,S1A_IW_GRDH_1SDV_20170904T161304_34VDN_19_87
S2B_MSIL2A_20170906T101019_19_88,S1A_IW_GRDH_1SDV_20170904T161304_34VDN_19_88
S2B_MSIL2A_20170906T101019_19_89,S1A_IW_GRDH_1SDV_20170904T161304_34VDN_19_89
S2B_MSIL2A_20170906T101019_19_90,S1A_IW_GRDH_1SDV_20170904T161304_34VDN_19_90
S2B_MSIL2A_20170906T101019_20_80,S1A_IW_GRDH_1SDV_20170904T161304_34VDN_20_80
S2B_MSIL2A_20170906T101019_20_81,S1A_IW_GRDH_1SDV_20170904T161304_34VDN_20_81
S2B_MSIL2A_20170906T101019_20_82,S1A_IW_GRDH_1SDV_20170904T161304_34VDN_20_82
S2B_MSIL2A_20170906T101019_20_83,S1A_IW_GRDH_1SDV_20170904T161304_34VDN_20_83
S2B_MSIL2A_20170906T101019_20_84,S1A_IW_GRDH_1SDV_20170904T161304_34VDN_20_84
S2B_MSIL2A_20170906T101019_20_85,S1A_IW_GRDH_1SDV_20170904T161304_34VDN_20_85
S2B_MSIL2A_20170906T101019_20_86,S1A_IW_GRDH_1SDV_20170904T161304_34VDN_20_86
S2B_MSIL2A_20170906T101019_20_89,S1A_IW_GRDH_1SDV_20170904T161304_34VDN_20_89
S2B_MSIL2A_20170906T101019_20_90,S1A_IW_GRDH_1SDV_20170904T161304_34VDN_20_90
S2B_MSIL2A_20170906T101019_21_80,S1A_IW_GRDH_1SDV_20170904T161304_34VDN_21_80
S2B_MSIL2A_20170906T101019_21_81,S1A_IW_GRDH_1SDV_20170904T161304_34VDN_21_81
S2B_MSIL2A_20170906T101019_21_82,S1A_IW_GRDH_1SDV_20170904T161304_34VDN_21_82
S2B_MSIL2A_20170906T101019_21_83,S1A_IW_GRDH_1SDV_20170904T161304_34VDN_21_83
S2B_MSIL2A_20170906T101019_21_84,S1A_IW_GRDH_1SDV_20170904T161304_34VDN_21_84
S2B_MSIL2A_20170906T101019_21_85,S1A_IW_GRDH_1SDV_20170904T161304_34VDN_21_85
S2B_MSIL2A_20170906T101019_21_86,S1A_IW_GRDH_1SDV_20170904T161304_34VDN_21_86
S2B_MSIL2A_20170906T101019_21_87,S1A_IW_GRDH_1SDV_20170904T161304_34VDN_21_87
S2B_MSIL2A_20170906T101019_21_88,S1A_IW_GRDH_1SDV_20170904T161304_34VDN_21_88
S2B_MSIL2A_20170906T101019_21_89,S1A_IW_GRDH_1SDV_20170904T161304_34VDN_21_89
S2B_MSIL2A_20170906T101019_21_90,S1A_IW_GRDH_1SDV_20170904T161304_34VDN_21_90
S2B_MSIL2A_20170906T101019_22_80,S1A_IW_GRDH_1SDV_20170904T161304_34VDN_22_80
S2B_MSIL2A_20170906T101019_22_87,S1A_IW_GRDH_1SDV_20170904T161304_34VDN_22_87
S2B_MSIL2A_20170906T101019_22_88,S1A_IW_GRDH_1SDV_20170904T161304_34VDN_22_88
S2B_MSIL2A_20170906T101019_22_89,S1A_IW_GRDH_1SDV_20170904T161304_34VDN_22_89
S2B_MSIL2A_20170906T101019_23_86,S1A_IW_GRDH_1SDV_20170904T161304_34VDN_23_86
S2B_MSIL2A_20170906T101019_23_87,S1A_IW_GRDH_1SDV_20170904T161304_34VDN_23_87
S2B_MSIL2A_20170906T101019_23_88,S1A_IW_GRDH_1SDV_20170904T161304_34VDN_23_88
S2B_MSIL2A_20170906T101019_23_89,S1A_IW_GRDH_1SDV_20170904T161304_34VDN_23_89
S2B_MSIL2A_20170906T101019_24_85,S1A_IW_GRDH_1SDV_20170904T161304_34VDN_24_85
S2B_MSIL2A_20170906T101019_24_87,S1A_IW_GRDH_1SDV_20170904T161304_34VDN_24_87
S2B_MSIL2A_20170906T101019_24_88,S1A_IW_GRDH_1SDV_20170904T161304_34VDN_24_88
S2B_MSIL2A_20170906T101019_24_89,S1A_IW_GRDH_1SDV_20170904T161304_34VDN_24_89
S2B_MSIL2A_20170906T101019_24_90,S1A_IW_GRDH_1SDV_20170904T161304_34VDN_24_90
S2B_MSIL2A_20170906T101019_25_82,S1A_IW_GRDH_1SDV_20170904T161304_34VDN_25_82
S2B_MSIL2A_20170906T101019_25_89,S1A_IW_GRDH_1SDV_20170904T161304_34VDN_25_89
S2B_MSIL2A_20170906T101019_26_83,S1A_IW_GRDH_1SDV_20170904T161304_34VDN_26_83
S2B_MSIL2A_20170906T101019_26_84,S1A_IW_GRDH_1SDV_20170904T161304_34VDN_26_84
S2B_MSIL2A_20170906T101019_26_86,S1A_IW_GRDH_1SDV_20170904T161304_34VDN_26_86
S2B_MSIL2A_20170906T101019_26_87,S1A_IW_GRDH_1SDV_20170904T161304_34VDN_26_87
S2B_MSIL2A_20170906T101019_26_88,S1A_IW_GRDH_1SDV_20170904T161304_34VDN_26_88
S2B_MSIL2A_20170906T101019_26_90,S1A_IW_GRDH_1SDV_20170904T161304_34VDN_26_90
S2B_MSIL2A_20170906T101019_27_81,S1A_IW_GRDH_1SDV_20170904T161304_34VDN_27_81
S2B_MSIL2A_20170906T101019_27_82,S1A_IW_GRDH_1SDV_20170904T161304_34VDN_27_82
S2B_MSIL2A_20170906T101019_27_83,S1A_IW_GRDH_1SDV_20170904T161304_34VDN_27_83
S2B_MSIL2A_20170906T101019_27_84,S1A_IW_GRDH_1SDV_20170904T161304_34VDN_27_84
S2B_MSIL2A_20170906T101019_27_85,S1A_IW_GRDH_1SDV_20170904T161304_34VDN_27_85
S2B_MSIL2A_20170906T101019_27_86,S1A_IW_GRDH_1SDV_20170904T161304_34VDN_27_86
S2B_MSIL2A_20170906T101019_27_87,S1A_IW_GRDH_1SDV_20170904T161304_34VDN_27_87
S2B_MSIL2A_20170906T101019_27_88,S1A_IW_GRDH_1SDV_20170904T161304_34VDN_27_88
S2B_MSIL2A_20170906T101019_27_89,S1A_IW_GRDH_1SDV_20170904T161304_34VDN_27_89
S2B_MSIL2A_20170906T101019_27_90,S1A_IW_GRDH_1SDV_20170904T161304_34VDN_27_90
S2B_MSIL2A_20170906T101019_28_81,S1A_IW_GRDH_1SDV_20170904T161304_34VDN_28_81
S2B_MSIL2A_20170906T101019_28_82,S1A_IW_GRDH_1SDV_20170904T161304_34VDN_28_82
S2B_MSIL2A_20170906T101019_28_83,S1A_IW_GRDH_1SDV_20170904T161304_34VDN_28_83
S2B_MSIL2A_20170906T101019_28_84,S1A_IW_GRDH_1SDV_20170904T161304_34VDN_28_84
S2B_MSIL2A_20170906T101019_28_85,S1A_IW_GRDH_1SDV_20170904T161304_34VDN_28_85
S2B_MSIL2A_20170906T101019_28_86,S1A_IW_GRDH_1SDV_20170904T161304_34VDN_28_86
S2B_MSIL2A_20170906T101019_28_87,S1A_IW_GRDH_1SDV_20170904T161304_34VDN_28_87
S2B_MSIL2A_20170906T101019_28_88,S1A_IW_GRDH_1SDV_20170904T161304_34VDN_28_88
S2B_MSIL2A_20170906T101019_28_89,S1A_IW_GRDH_1SDV_20170904T161304_34VDN_28_89
S2B_MSIL2A_20170906T101019_28_90,S1A_IW_GRDH_1SDV_20170904T161304_34VDN_28_90
S2B_MSIL2A_20170906T101019_29_85,S1A_IW_GRDH_1SDV_20170904T161304_34VDN_29_85
S2B_MSIL2A_20170906T101019_29_86,S1A_IW_GRDH_1SDV_20170904T161304_34VDN_29_86
S2B_MSIL2A_20170906T101019_29_89,S1A_IW_GRDH_1SDV_20170904T161304_34VDN_29_89
S2B_MSIL2A_20170906T101019_29_90,S1A_IW_GRDH_1SDV_20170904T161304_34VDN_29_90
S2B_MSIL2A_20170906T101019_30_90,S1A_IW_GRDH_1SDV_20170904T161304_34VDN_30_90
S2B_MSIL2A_20170906T101019_31_89,S1A_IW_GRDH_1SDV_20170904T161304_34VDN_31_89
S2B_MSIL2A_20170906T101019_34_90,S1A_IW_GRDH_1SDV_20170904T161304_34VDN_34_90
S2B_MSIL2A_20170906T101019_65_65,S1A_IW_GRDH_1SDV_20170904T161304_34VDN_65_65
S2B_MSIL2A_20170906T101019_81_80,S1B_IW_GRDH_1SDV_20170905T044916_34VDN_81_80
S2B_MSIL2A_20170906T101019_82_76,S1B_IW_GRDH_1SDV_20170905T044916_34VDN_82_76
S2B_MSIL2A_20170906T101019_82_77,S1B_IW_GRDH_1SDV_20170905T044916_34VDN_82_77
S2B_MSIL2A_20170906T101019_83_76,S1B_IW_GRDH_1SDV_20170905T044916_34VDN_83_76
S2B_MSIL2A_20170906T101019_83_77,S1B_IW_GRDH_1SDV_20170905T044916_34VDN_83_77
S2B_MSIL2A_20170906T101019_83_80,S1B_IW_GRDH_1SDV_20170905T044916_34VDN_83_80
S2B_MSIL2A_20170906T101019_84_79,S1B_IW_GRDH_1SDV_20170905T044916_34VDN_84_79
S2B_MSIL2A_20170906T101019_84_80,S1B_IW_GRDH_1SDV_20170905T044916_34VDN_84_80
S2B_MSIL2A_20170906T101019_87_86,S1B_IW_GRDH_1SDV_20170905T044916_34VDN_87_86
S2B_MSIL2A_20170906T101019_88_84,S1B_IW_GRDH_1SDV_20170905T044916_34VDN_88_84
S2B_MSIL2A_20170906T101019_89_78,S1B_IW_GRDH_1SDV_20170905T044916_34VDN_89_78
S2B_MSIL2A_20170906T101019_89_82,S1B_IW_GRDH_1SDV_20170905T044916_34VDN_89_82
S2B_MSIL2A_20170906T101019_89_83,S1B_IW_GRDH_1SDV_20170905T044916_34VDN_89_83
S2B_MSIL2A_20170906T101019_90_74,S1B_IW_GRDH_1SDV_20170905T044916_34VDN_90_74
S2B_MSIL2A_20170906T101019_90_78,S1B_IW_GRDH_1SDV_20170905T044916_34VDN_90_78
S2B_MSIL2A_20170924T93021_14_67,S1A_IW_GRDH_1SDV_20170925T043256_35VPK_14_67
S2B_MSIL2A_20170924T93021_15_73,S1A_IW_GRDH_1SDV_20170925T043256_35VPK_15_73
S2B_MSIL2A_20170924T93021_16_74,S1A_IW_GRDH_1SDV_20170925T043256_35VPK_16_74
S2B_MSIL2A_20170924T93021_16_75,S1A_IW_GRDH_1SDV_20170925T043256_35VPK_16_75
S2B_MSIL2A_20170924T93021_16_76,S1A_IW_GRDH_1SDV_20170925T043256_35VPK_16_76
S2B_MSIL2A_20170924T93021_16_77,S1A_IW_GRDH_1SDV_20170925T043256_35VPK_16_77
S2B_MSIL2A_20170924T93021_16_78,S1A_IW_GRDH_1SDV_20170925T043256_35VPK_16_78
S2B_MSIL2A_20170924T93021_17_75,S1A_IW_GRDH_1SDV_20170925T043256_35VPK_17_75
S2B_MSIL2A_20170924T93021_17_76,S1A_IW_GRDH_1SDV_20170925T043256_35VPK_17_76
S2B_MSIL2A_20170924T93021_17_77,S1A_IW_GRDH_1SDV_20170925T043256_35VPK_17_77
S2B_MSIL2A_20170924T93021_17_78,S1A_IW_GRDH_1SDV_20170925T043256_35VPK_17_78
S2B_MSIL2A_20170924T93021_17_79,S1A_IW_GRDH_1SDV_20170925T043256_35VPK_17_79
S2B_MSIL2A_20170924T93021_18_77,S1A_IW_GRDH_1SDV_20170925T043256_35VPK_18_77
S2B_MSIL2A_20170924T93021_18_78,S1A_IW_GRDH_1SDV_20170925T043256_35VPK_18_78
S2B_MSIL2A_20170924T93021_18_79,S1A_IW_GRDH_1SDV_20170925T043256_35VPK_18_79
S2B_MSIL2A_20170924T93021_18_80,S1A_IW_GRDH_1SDV_20170925T043256_35VPK_18_80
S2B_MSIL2A_20170924T93021_19_76,S1A_IW_GRDH_1SDV_20170925T043256_35VPK_19_76
S2B_MSIL2A_20170924T93021_19_77,S1A_IW_GRDH_1SDV_20170925T043256_35VPK_19_77
S2B_MSIL2A_20170924T93021_19_78,S1A_IW_GRDH_1SDV_20170925T043256_35VPK_19_78
S2B_MSIL2A_20170924T93021_19_79,S1A_IW_GRDH_1SDV_20170925T043256_35VPK_19_79
S2B_MSIL2A_20170924T93021_19_80,S1A_IW_GRDH_1SDV_20170925T043256_35VPK_19_80
S2B_MSIL2A_20170924T93021_20_78,S1A_IW_GRDH_1SDV_20170925T043256_35VPK_20_78
S2B_MSIL2A_20170924T93021_20_79,S1A_IW_GRDH_1SDV_20170925T043256_35VPK_20_79
S2B_MSIL2A_20170924T93021_20_80,S1A_IW_GRDH_1SDV_20170925T043256_35VPK_20_80
S2B_MSIL2A_20170924T93021_20_81,S1A_IW_GRDH_1SDV_20170925T043256_35VPK_20_81
S2B_MSIL2A_20170924T93021_20_82,S1A_IW_GRDH_1SDV_20170925T043256_35VPK_20_82
S2B_MSIL2A_20170924T93021_20_83,S1A_IW_GRDH_1SDV_20170925T043256_35VPK_20_83
S2B_MSIL2A_20170924T93022_10_31,S1A_IW_GRDH_1SDV_20170925T043256_35VPK_10_31
S2B_MSIL2A_20170924T93022_11_31,S1A_IW_GRDH_1SDV_20170925T043256_35VPK_11_31
S2B_MSIL2A_20171015T104010_0_65,S1A_IW_GRDH_1SDV_20171016T055031_31UGR_0_65
S2B_MSIL2A_20171015T104010_0_66,S1A_IW_GRDH_1SDV_20171016T055031_31UGR_0_66
S2B_MSIL2A_20171015T104010_0_67,S1A_IW_GRDH_1SDV_20171016T055031_31UGR_0_67
S2B_MSIL2A_20171015T104010_0_68,S1A_IW_GRDH_1SDV_20171016T055031_31UGR_0_68
S2B_MSIL2A_20171015T104010_0_69,S1A_IW_GRDH_1SDV_20171016T055031_31UGR_0_69
S2B_MSIL2A_20171015T104010_0_70,S1A_IW_GRDH_1SDV_20171016T055031_31UGR_0_70
S2B_MSIL2A_20171015T104010_0_71,S1A_IW_GRDH_1SDV_20171016T055031_31UGR_0_71
S2B_MSIL2A_20171015T104010_0_72,S1A_IW_GRDH_1SDV_20171016T055031_31UGR_0_72
S2B_MSIL2A_20171015T104010_0_73,S1A_IW_GRDH_1SDV_20171016T055031_31UGR_0_73
S2B_MSIL2A_20171015T104010_0_74,S1A_IW_GRDH_1SDV_20171016T055031_31UGR_0_74
S2B_MSIL2A_20171015T104010_1_68,S1A_IW_GRDH_1SDV_20171016T055031_31UGR_1_68
S2B_MSIL2A_20171015T104010_1_69,S1A_IW_GRDH_1SDV_20171016T055031_31UGR_1_69
S2B_MSIL2A_20171015T104010_1_70,S1A_IW_GRDH_1SDV_20171016T055031_31UGR_1_70
S2B_MSIL2A_20171015T104010_1_71,S1A_IW_GRDH_1SDV_20171016T055031_31UGR_1_71
S2B_MSIL2A_20171015T104010_1_72,S1A_IW_GRDH_1SDV_20171016T055031_31UGR_1_72
S2B_MSIL2A_20171015T104010_1_73,S1A_IW_GRDH_1SDV_20171016T055031_31UGR_1_73
S2B_MSIL2A_20171015T104010_1_74,S1A_IW_GRDH_1SDV_20171016T055031_31UGR_1_74
S2B_MSIL2A_20171015T104010_1_75,S1A_IW_GRDH_1SDV_20171016T055031_31UGR_1_75
S2B_MSIL2A_20171015T104010_2_69,S1A_IW_GRDH_1SDV_20171016T055031_31UGR_2_69
S2B_MSIL2A_20171015T104010_2_70,S1A_IW_GRDH_1SDV_20171016T055031_31UGR_2_70
S2B_MSIL2A_20171015T104010_2_71,S1A_IW_GRDH_1SDV_20171016T055031_31UGR_2_71
S2B_MSIL2A_20171015T104010_2_72,S1A_IW_GRDH_1SDV_20171016T055031_31UGR_2_72
S2B_MSIL2A_20171015T104010_2_73,S1A_IW_GRDH_1SDV_20171016T055031_31UGR_2_73
S2B_MSIL2A_20171015T104010_3_69,S1A_IW_GRDH_1SDV_20171016T055031_31UGR_3_69
S2B_MSIL2A_20171015T104010_3_70,S1A_IW_GRDH_1SDV_20171016T055031_31UGR_3_70
S2B_MSIL2A_20171015T104010_3_71,S1A_IW_GRDH_1SDV_20171016T055031_31UGR_3_71
S2B_MSIL2A_20171015T104010_3_72,S1A_IW_GRDH_1SDV_20171016T055031_31UGR_3_72
S2B_MSIL2A_20171015T104010_3_73,S1A_IW_GRDH_1SDV_20171016T055031_31UGR_3_73
S2B_MSIL2A_20171015T104010_4_70,S1A_IW_GRDH_1SDV_20171016T055031_31UGR_4_70
S2B_MSIL2A_20171015T104010_4_71,S1A_IW_GRDH_1SDV_20171016T055031_31UGR_4_71
S2B_MSIL2A_20171015T104010_4_72,S1A_IW_GRDH_1SDV_20171016T055031_31UGR_4_72
S2B_MSIL2A_20171015T104010_5_71,S1A_IW_GRDH_1SDV_20171016T055031_31UGR_5_71
S2B_MSIL2A_20171015T104010_6_71,S1A_IW_GRDH_1SDV_20171016T055031_31UGR_6_71
S2B_MSIL2A_20171015T104010_6_72,S1A_IW_GRDH_1SDV_20171016T055031_31UGR_6_72
S2B_MSIL2A_20171015T104010_7_72,S1A_IW_GRDH_1SDV_20171016T055031_31UGR_7_72
S2B_MSIL2A_20171015T104010_8_72,S1A_IW_GRDH_1SDV_20171016T055031_31UGR_8_72
S2B_MSIL2A_20171015T104010_8_73,S1A_IW_GRDH_1SDV_20171016T055031_31UGR_8_73
S2B_MSIL2A_20171107T105229_81_43,S1B_IW_GRDH_1SDV_20171108T055808_31UER_81_43
S2B_MSIL2A_20171107T105229_81_44,S1B_IW_GRDH_1SDV_20171108T055808_31UER_81_44
S2B_MSIL2A_20171107T105229_82_42,S1B_IW_GRDH_1SDV_20171108T055808_31UER_82_42
S2B_MSIL2A_20171107T105229_82_43,S1B_IW_GRDH_1SDV_20171108T055808_31UER_82_43
S2B_MSIL2A_20171107T105229_82_44,S1B_IW_GRDH_1SDV_20171108T055808_31UER_82_44
S2B_MSIL2A_20171107T105229_83_43,S1B_IW_GRDH_1SDV_20171108T055808_31UER_83_43
S2B_MSIL2A_20171107T105229_83_44,S1B_IW_GRDH_1SDV_20171108T055808_31UER_83_44
S2B_MSIL2A_20171107T105229_84_39,S1B_IW_GRDH_1SDV_20171108T055808_31UER_84_39
S2B_MSIL2A_20171107T105229_84_42,S1B_IW_GRDH_1SDV_20171108T055808_31UER_84_42
S2B_MSIL2A_20171107T105229_84_43,S1B_IW_GRDH_1SDV_20171108T055808_31UER_84_43
S2B_MSIL2A_20171107T105229_84_44,S1B_IW_GRDH_1SDV_20171108T055808_31UER_84_44
S2B_MSIL2A_20171107T105229_84_45,S1B_IW_GRDH_1SDV_20171108T055808_31UER_84_45
S2B_MSIL2A_20171107T105229_85_39,S1B_IW_GRDH_1SDV_20171108T055808_31UER_85_39
S2B_MSIL2A_20171107T105229_85_41,S1B_IW_GRDH_1SDV_20171108T055808_31UER_85_41
S2B_MSIL2A_20171107T105229_85_42,S1B_IW_GRDH_1SDV_20171108T055808_31UER_85_42
S2B_MSIL2A_20171107T105229_85_43,S1B_IW_GRDH_1SDV_20171108T055808_31UER_85_43
S2B_MSIL2A_20171107T105229_86_39,S1B_IW_GRDH_1SDV_20171108T055808_31UER_86_39
S2B_MSIL2A_20171107T105229_86_40,S1B_IW_GRDH_1SDV_20171108T055808_31UER_86_40
S2B_MSIL2A_20171107T105229_86_41,S1B_IW_GRDH_1SDV_20171108T055808_31UER_86_41
S2B_MSIL2A_20171107T105229_86_42,S1B_IW_GRDH_1SDV_20171108T055808_31UER_86_42
S2B_MSIL2A_20171107T105229_86_43,S1B_IW_GRDH_1SDV_20171108T055808_31UER_86_43
S2B_MSIL2A_20171107T105229_86_44,S1B_IW_GRDH_1SDV_20171108T055808_31UER_86_44
S2B_MSIL2A_20171107T105229_86_45,S1B_IW_GRDH_1SDV_20171108T055808_31UER_86_45
S2B_MSIL2A_20171107T105229_87_40,S1B_IW_GRDH_1SDV_20171108T055808_31UER_87_40
S2B_MSIL2A_20171107T105229_87_41,S1B_IW_GRDH_1SDV_20171108T055808_31UER_87_41
S2B_MSIL2A_20171107T105229_87_42,S1B_IW_GRDH_1SDV_20171108T055808_31UER_87_42
S2B_MSIL2A_20171107T105229_87_43,S1B_IW_GRDH_1SDV_20171108T055808_31UER_87_43
S2B_MSIL2A_20171107T105229_87_44,S1B_IW_GRDH_1SDV_20171108T055808_31UER_87_44
S2B_MSIL2A_20171107T105229_87_45,S1B_IW_GRDH_1SDV_20171108T055808_31UER_87_45
S2B_MSIL2A_20171107T105229_88_40,S1B_IW_GRDH_1SDV_20171108T055808_31UER_88_40
S2B_MSIL2A_20171107T105229_88_41,S1B_IW_GRDH_1SDV_20171108T055808_31UER_88_41
S2B_MSIL2A_20171107T105229_88_42,S1B_IW_GRDH_1SDV_20171108T055808_31UER_88_42
S2B_MSIL2A_20171107T105229_88_44,S1B_IW_GRDH_1SDV_20171108T055808_31UER_88_44
S2B_MSIL2A_20171107T105229_89_35,S1B_IW_GRDH_1SDV_20171108T055808_31UER_89_35
S2B_MSIL2A_20171107T105229_89_36,S1B_IW_GRDH_1SDV_20171108T055808_31UER_89_36
S2B_MSIL2A_20171107T105229_89_37,S1B_IW_GRDH_1SDV_20171108T055808_31UER_89_37
S2B_MSIL2A_20171107T105229_89_38,S1B_IW_GRDH_1SDV_20171108T055808_31UER_89_38
S2B_MSIL2A_20171107T105229_89_39,S1B_IW_GRDH_1SDV_20171108T055808_31UER_89_39
S2B_MSIL2A_20171107T105229_89_40,S1B_IW_GRDH_1SDV_20171108T055808_31UER_89_40
S2B_MSIL2A_20171107T105229_89_41,S1B_IW_GRDH_1SDV_20171108T055808_31UER_89_41
S2B_MSIL2A_20171107T105229_89_42,S1B_IW_GRDH_1SDV_20171108T055808_31UER_89_42
S2B_MSIL2A_20171107T105229_89_43,S1B_IW_GRDH_1SDV_20171108T055808_31UER_89_43
S2B_MSIL2A_20171107T105229_89_44,S1B_IW_GRDH_1SDV_20171108T055808_31UER_89_44
S2B_MSIL2A_20171107T105229_89_45,S1B_IW_GRDH_1SDV_20171108T055808_31UER_89_45
S2B_MSIL2A_20171107T105229_90_34,S1B_IW_GRDH_1SDV_20171108T055808_31UER_90_34
S2B_MSIL2A_20171107T105229_90_35,S1B_IW_GRDH_1SDV_20171108T055808_31UER_90_35
S2B_MSIL2A_20171107T105229_90_36,S1B_IW_GRDH_1SDV_20171108T055808_31UER_90_36
S2B_MSIL2A_20171107T105229_90_37,S1B_IW_GRDH_1SDV_20171108T055808_31UER_90_37
S2B_MSIL2A_20171107T105229_90_38,S1B_IW_GRDH_1SDV_20171108T055808_31UER_90_38
S2B_MSIL2A_20171107T105229_90_39,S1B_IW_GRDH_1SDV_20171108T055808_31UER_90_39
S2B_MSIL2A_20171107T105229_90_40,S1B_IW_GRDH_1SDV_20171108T055808_31UER_90_40
S2B_MSIL2A_20171107T105229_90_41,S1B_IW_GRDH_1SDV_20171108T055808_31UER_90_41
S2B_MSIL2A_20171107T105229_90_42,S1B_IW_GRDH_1SDV_20171108T055808_31UER_90_42
S2B_MSIL2A_20171107T105229_90_43,S1B_IW_GRDH_1SDV_20171108T055808_31UER_90_43
S2B_MSIL2A_20171107T105229_90_44,S1B_IW_GRDH_1SDV_20171108T055808_31UER_90_44
S2B_MSIL2A_20171107T105229_90_45,S1B_IW_GRDH_1SDV_20171108T055808_31UER_90_45
S2B_MSIL2A_20171112T114339_2_4,S1B_IW_GRDH_1SDV_20171112T181343_29UPU_2_4
S2B_MSIL2A_20171112T114339_2_5,S1B_IW_GRDH_1SDV_20171112T181343_29UPU_2_5
S2B_MSIL2A_20171112T114339_3_3,S1B_IW_GRDH_1SDV_20171112T181343_29UPU_3_3
S2B_MSIL2A_20171112T114339_3_4,S1B_IW_GRDH_1SDV_20171112T181343_29UPU_3_4
S2B_MSIL2A_20171112T114339_3_5,S1B_IW_GRDH_1SDV_20171112T181343_29UPU_3_5
S2B_MSIL2A_20171112T114339_3_6,S1B_IW_GRDH_1SDV_20171112T181343_29UPU_3_6
S2B_MSIL2A_20171112T114339_3_7,S1B_IW_GRDH_1SDV_20171112T181343_29UPU_3_7
S2B_MSIL2A_20171112T114339_4_2,S1B_IW_GRDH_1SDV_20171112T181343_29UPU_4_2
S2B_MSIL2A_20171112T114339_4_3,S1B_IW_GRDH_1SDV_20171112T181343_29UPU_4_3
S2B_MSIL2A_20171112T114339_4_4,S1B_IW_GRDH_1SDV_20171112T181343_29UPU_4_4
S2B_MSIL2A_20171112T114339_4_5,S1B_IW_GRDH_1SDV_20171112T181343_29UPU_4_5
S2B_MSIL2A_20171112T114339_4_6,S1B_IW_GRDH_1SDV_20171112T181343_29UPU_4_6
S2B_MSIL2A_20171112T114339_5_1,S1B_IW_GRDH_1SDV_20171112T181343_29UPU_5_1
S2B_MSIL2A_20171112T114339_5_2,S1B_IW_GRDH_1SDV_20171112T181343_29UPU_5_2
S2B_MSIL2A_20171112T114339_5_3,S1B_IW_GRDH_1SDV_20171112T181343_29UPU_5_3
S2B_MSIL2A_20171112T114339_5_4,S1B_IW_GRDH_1SDV_20171112T181343_29UPU_5_4
S2B_MSIL2A_20171112T114339_5_5,S1B_IW_GRDH_1SDV_20171112T181343_29UPU_5_5
S2B_MSIL2A_20171112T114339_5_6,S1B_IW_GRDH_1SDV_20171112T181343_29UPU_5_6
S2B_MSIL2A_20171112T114339_5_7,S1B_IW_GRDH_1SDV_20171112T181343_29UPU_5_7
S2B_MSIL2A_20171112T114339_5_8,S1B_IW_GRDH_1SDV_20171112T181343_29UPU_5_8
S2B_MSIL2A_20171112T114339_6_1,S1B_IW_GRDH_1SDV_20171112T181343_29UPU_6_1
S2B_MSIL2A_20171112T114339_6_2,S1B_IW_GRDH_1SDV_20171112T181343_29UPU_6_2
S2B_MSIL2A_20171112T114339_6_3,S1B_IW_GRDH_1SDV_20171112T181343_29UPU_6_3
S2B_MSIL2A_20171112T114339_6_4,S1B_IW_GRDH_1SDV_20171112T181343_29UPU_6_4
S2B_MSIL2A_20171112T114339_6_5,S1B_IW_GRDH_1SDV_20171112T181343_29UPU_6_5
S2B_MSIL2A_20171112T114339_7_1,S1B_IW_GRDH_1SDV_20171112T181343_29UPU_7_1
S2B_MSIL2A_20171112T114339_7_2,S1B_IW_GRDH_1SDV_20171112T181343_29UPU_7_2
S2B_MSIL2A_20171112T114339_7_3,S1B_IW_GRDH_1SDV_20171112T181343_29UPU_7_3
S2B_MSIL2A_20171112T114339_7_4,S1B_IW_GRDH_1SDV_20171112T181343_29UPU_7_4
S2B_MSIL2A_20171112T114339_7_5,S1B_IW_GRDH_1SDV_20171112T181343_29UPU_7_5
S2B_MSIL2A_20171112T114339_8_0,S1B_IW_GRDH_1SDV_20171112T181343_29UPU_8_0
S2B_MSIL2A_20171112T114339_8_1,S1B_IW_GRDH_1SDV_20171112T181343_29UPU_8_1
S2B_MSIL2A_20171112T114339_8_2,S1B_IW_GRDH_1SDV_20171112T181343_29UPU_8_2
S2B_MSIL2A_20171112T114339_8_3,S1B_IW_GRDH_1SDV_20171112T181343_29UPU_8_3
S2B_MSIL2A_20171112T114339_8_4,S1B_IW_GRDH_1SDV_20171112T181343_29UPU_8_4
S2B_MSIL2A_20171112T114339_9_1,S1B_IW_GRDH_1SDV_20171112T181343_29UPU_9_1
S2B_MSIL2A_20171112T114339_9_2,S1B_IW_GRDH_1SDV_20171112T181343_29UPU_9_2
S2B_MSIL2A_20171112T114339_10_1,S1B_IW_GRDH_1SDV_20171112T181343_29UPU_10_1
